"Node Name","Min Age","Q1","Median Age","Mean Age","Q3","Max Age","Variance","SD"
"n1",9.65098810207641,15.3160689583333,16.9499615,17.5889859788681,21.7570433333333,22.3757276666667,22.2431847317908,4.71626809371465
"n2",7.969192505,19.708583,19.70859,22.27901241278,19.71283625,44.2958603089,177.327993979652,13.3164557589342
"n3",10.530444,10.536042907125,10.87372335475,12.608739802375,12.94642025,18.1570685,13.7831237354724,3.71256296047251
"n4",5.3238968850354,9.862246,10.3391445,9.95408747700708,11.731763,12.513387,7.82637824981951,2.79756648711331
"n5",0.140701502678755,0.176411000000001,0.240930000000002,0.553364071811251,0.424636,2.289823,0.607931813034395,0.779699822389613
